1,799
43,736
114,823
115,800
152,1039
194,824
195,1121
251,5349
252,12586
300,5410
301,966
362,5954
373,1009
468,1344
528,1170
529,11521
570,1316
587,2141
601,11848
643,11043
644,1288
673,1700
674,13056
675,5801
718,9061
735,11849
737,1462
822,8961
869,7189
1220,1882
1221,1665
1253,6084
1315,11899
1343,1706
1400,6204
1429,2055
1495,1910
1496,1911
1525,2039
1550,5712
1593,1897
1614,1979
1631,2049
1732,2037
1759,4198
1830,5088
1854,4417
1855,2063
1977,4593
1978,2137
2015,4457
2016,2082
2052,5168
2057,4327
2059,4325
2096,11872
2165,10384
2166,10383
2966,24108
3486,16632
3832,16713
3833,16795
3834,13308
3860,17687
3881,17258
3916,15003
3917,15789
4009,15759
4010,15955
4109,14951
4161,15232
4189,4774
4190,4780
4222,15820
4259,15914
4265,14383
4326,5571
4374,7676
4418,5025
4432,7677
4533,5169
4572,15072
4613,16368
4677,5336
4699,7860
4864,5839
4911,15435
4995,13259
4996,8162
5020,6068
5024,5634
5059,16750
5176,8124
5177,8193
5201,5823
5281,12992
5335,11850
5337,6067
5338,6069
5405,5991
5406,6534
5447,16058
5610,6394
5838,7110
5893,6858
5894,6660
6117,6857
6175,6763
6246,6819
6363,7021
6402,7113
6472,7077
6475,8038
6614,7377
6621,7188
6692,7721
6902,7473
6909,7604
7028,12096
7076,11931
7147,12552
7258,7925
7313,12144
7471,8249
7472,8160
7528,12906
7554,8159
7556,8125
7641,8618
7770,8438
7811,8391
7854,8546
7859,19358
7896,8437
7898,19275
7924,19549
7949,9041
8037,19590
8076,19359
8161,8920
8192,13411
8287,8979
8355,9040
8356,9062
8495,19934
8496,13317
8545,13372
8606,13913
8714,9582
8774,9413
8775,18863
8816,9365
8833,10362
8848,19191
8890,25933
8891,9525
8918,20406
8919,13731
8977,19192
8978,9554
9063,9828
9107,15112
9208,9730
9252,9936
9284,9961
9458,10283
9459,9899
9492,14045
9493,33387
9553,19242
9581,10144
9640,14156
9666,12177
9698,10210
9731,10209
9761,10269
9786,13653
9849,10290
9866,10145
9967,10358
9993,12574
10064,13088
10089,12395
10131,10278
10208,13161
10246,12432
10285,12314
10287,12315
10321,19215
10392,32463
11932,23152
12014,23124
12015,23320
12168,12745
12169,12750
12202,23183
12243,23279
12313,13515
12394,13019
12408,15636
12409,15588
12506,13162
12658,13310
12682,15758
12842,13778
12993,16032
13015,14029
13020,13582
13172,15998
13173,16057
13194,13761
13309,14324
13365,13950
13366,14478
13553,14342
13777,15035
13832,14786
13833,14587
14068,14787
14131,14701
14201,14747
14349,15038
14424,15004
14426,15915
14545,15304
14552,15111
14831,15390
14838,15508
14944,15637
15181,15821
15388,16111
15389,16031
15462,16030
15464,15999
15541,16491
15689,16315
15719,16266
15753,16415
15786,16314
15847,16848
16029,16751
16226,16847
16227,16875
16367,20670
16414,20725
16480,21265
16589,17283
16631,17146
16678,17111
16700,17717
16732,17225
16752,21083
16784,24252
16796,17259
16874,24162
16876,17471
16912,22474
16979,17413
17022,17548
17048,17562
17176,17662
17195,21397
17282,17611
17343,21508
17374,19522
17395,17632
17412,17633
17423,17653
17434,21005
17485,17667
17494,17612
17564,20100
17577,19922
17599,20438
17604,19742
17609,17657
17634,20510
17644,19779
17664,19661
17738,25139
17739,25138
19193,28303
19274,30046
19441,29997
19489,30282
19513,20095
19514,20370
19604,29397
19662,20544
19663,20868
19704,22951
19743,20660
19756,22950
19854,20511
19900,30117
20006,21113
20030,23123
20193,21129
20253,30497
20343,28249
20344,23397
20365,21381
20369,20934
20521,23424
20522,23363
20611,27963
20659,26802
20661,21677
20718,21302
20719,21831
20764,31587
20905,21695
21130,22397
21184,22147
21185,21946
21420,22146
21482,22060
21553,22108
21702,22400
21775,22366
21777,23280
21905,22663
21912,22473
22192,22747
22199,22867
22306,22999
22313,27077
22365,26883
22434,27539
22544,23184
22592,27130
22746,23478
22748,23396
22793,27880
22821,23394
22823,23364
22901,23864
23052,23686
23082,23638
23119,23787
23150,23687
23209,24226
23395,24130
23423,28415
23597,24254
23598,24227
23738,35812
23739,28317
23786,28378
23852,28923
23965,24664
24007,24524
24008,34690
24054,24488
24076,25116
24089,35035
24109,24607
24128,36257
24129,28768
24173,35034
24174,24640
24253,24859
24290,30159
24357,24800
24400,24939
24426,24956
24553,25059
24575,29053
24639,35083
24663,25008
24729,29173
24760,27166
24782,25030
24801,25031
24811,25050
24822,28679
24873,25064
24882,25009
24960,27747
24975,27560
24997,28056
25001,27384
25006,25054
25029,28137
25041,27425
25061,27292
25086,35062
26453,39956
26800,40161
26801,40033
26828,41512
26848,40737
26884,39085
26977,39046
26978,39264
27157,27992
27158,27741
27190,39110
27227,39224
27293,28537
27294,28169
27383,28305
27398,30688
27399,38864
27499,28136
27580,39682
27645,28790
27668,39045
27832,28807
27964,31131
27988,29036
27993,28601
28027,40101
28144,31093
28145,31163
28304,29037
28306,29038
28373,29504
28374,28960
28576,29362
28806,30080
28862,29630
28863,29827
29086,29828
29144,29733
29213,29790
29331,29990
29370,30083
29442,30047
29445,31007
29584,30346
29591,30158
29662,30689
29872,30441
29879,30573
30228,30894
30442,31128
30443,31217
30523,31129
30525,31094
30610,31588
30739,31408
30781,31362
30824,31516
30829,43137
30830,43004
30865,31409
30868,43074
30895,43319
30919,32008
31006,43353
31045,43138
31130,31886
31162,36289
31256,31946
31325,36145
31326,32009
31327,32033
31465,43667
31515,36605
31575,37147
31684,32553
31742,32384
31743,42673
31785,32336
31802,33344
31857,32496
31884,44092
31885,36992
31928,40243
31945,43003
31947,32526
32032,40144
32034,32803
32079,38379
32179,32704
32223,32910
32255,32935
32430,33090
32431,32873
32462,37275
32525,43048
32554,33120
32612,37396
32638,33260
32671,33186
32703,33184
32733,33244
32758,36906
32824,33267
32841,33121
32941,33340
32967,35400
33037,36286
33062,35617
33107,33254
33185,35792
33222,35657
33257,36367
33262,35527
33264,35528
33299,43030
33367,41577
33368,41576
35036,44321
35116,45869
35117,46612
35210,46591
35211,46739
35311,45831
35363,46083
35391,35972
35392,35978
35424,46638
35461,46709
35467,52144
35529,36765
35616,36222
35631,38908
35632,46434
35732,36368
35772,45936
35877,36534
36059,37031
36105,46284
36192,44282
36193,39347
36217,37260
36221,36827
36375,39309
36376,39379
36399,37013
36478,44032
36532,43005
36533,37258
36535,37259
36600,37182
36601,37723
36640,46823
36803,37582
37030,38300
37085,38045
37086,37850
37309,38046
37367,37950
37436,38007
37551,38210
37589,38303
37661,38266
37664,39225
37803,38566
37811,38378
37881,38909
38090,38661
38098,38792
38217,43221
38265,43073
38337,43622
38449,39111
38503,43261
38659,39344
38660,39434
38713,43951
38740,39346
38744,39310
38831,39804
38959,39623
38999,39579
39040,39733
39082,39624
39135,40223
39345,40102
39378,44397
39471,40162
39542,40222
39543,40245
39683,44330
39732,44374
39794,44885
39898,40765
39955,40598
40000,40550
40016,41552
40076,40708
40103,44711
40160,40736
40244,41013
40291,45974
40391,40915
40433,41121
40466,41145
40643,41085
40644,41302
40675,45007
40764,41331
40824,45108
40850,41471
40886,41396
40916,41395
40946,41455
40969,44634
41035,41478
41053,41332
41151,41548
41177,43638
41249,44117
41274,43490
41318,41465
41397,44191
41431,43524
41432,41499
41468,44498
41473,43415
41475,43416
43414,44758
43453,46433
43489,44055
43500,53383
43580,44190
43743,46592
44033,46802
44051,44982
44056,44561
44197,46767
44198,46824
44217,44746
44322,44983
44323,44981
44369,45399
44532,45271
44757,45898
44806,45499
44807,45687
45032,45686
45087,45605
45137,45647
45250,45824
45279,45901
45357,45870
45358,46710
45466,46157
45473,45975
45525,46469
45720,46239
45726,46345
46041,46639
46238,46799
46240,46870
46314,46801
46315,46768
46385,47151
46519,47012
46551,46976
46588,47094
46611,47013
46669,47383
46800,47329
46902,47355
46951,47413
46952,47384
47050,51077
47093,51138
47141,51666
47228,47694
47256,47609
47282,47582
47292,47963
47309,47659
47328,51510
47353,47675
47414,47779
47448,52906
47492,47754
47522,47821
47627,47814
47628,47852
47642,51802
47695,47824
47716,51924
47730,47907
47741,47849
47753,47858
47759,47853
47787,47880
47796,47859
47829,47896
47838,50324
47847,47898
47856,47902
47878,50900
47879,47913
47904,51292
47909,50064
47910,47959
50065,51135
50066,51547
50152,50817
50153,50757
50166,53426
50264,50901
50410,51068
50435,53569
50729,53870
50908,53831
50909,53902
51066,51786
51067,51787
51134,51785
51548,52249
51605,52576
51606,52372
51704,52405
51836,52575
51893,52475
52079,52740
52110,52829
52118,52832
52145,52739
52192,53747
52328,53089
52337,52907
52406,53427
52574,53131
52622,53181
52629,53313
52975,53635
53182,53868
53263,53869
53265,53832
